Hebrew sentence,label
אלה היוו בסופו של דבר,את
גודלם של הפרקים אינו שונה,מאוד
בשירותו בצי הוא ניהל תצפיות,על
לוח השנה לא התבסס על,השמש
קרינת הרקע מספקת מידע רב,מאוד
רובם של חוקים אלה התגלו,במהלך
פסגות אלו זוכות להארה תמידית,בשל
מדעי המחשב מסייעים גם במידה,רבה
כל אירוע טרור מוכן בקפידה,רבה
מערכת מתן השמות לכימיקלים היא,חלק
העיר עברה תהליך התרחבות נוסף,עם
יהודי מזרח אירופה החלו גם,הם
חוקר הספרות לורנס לנגר כתב,כי
האדם נוצר לפני זמן קצר,מאוד
הוא הביע את שאט הנפש,שלו
בהמשך הוא אומר בצורה הברורה,ביותר
ירושלים הייתה תחת שלטון הממלוכים,החל
ממספר זה שרדו עם השחרור,רק
בעזרת הגנטיקה של מנדל ניתן,היה
פיצוח המכונה על ידי בעלות,הברית
שיטה זו יוצרת עוברים תאומים,בעלי
לאחר כישלון הפעולה התייצב רבין,אל
בכל מקרה לחלק מהמודוסים הללו,יש
הסביבה של יצור כוללת הן,את
המצפן הומצא בסין והעדות הכתובה,הראשונה
לאחר כניסת הצבא הבריטי לארץ,ישראל
בניגוד לשאר הירחים הפלנטריים במערכת,השמש
לכוכב חמה יש אטמוספירה דקה,מאוד
מצב זה מסומן בקוונטיזציה שנייה,באופן
בכך הוא למעשה מחסל את,אחד
תשתית זו יצרה את הבסיס,עבור
על פי חישוביה של קבוצה,אחת
יחדיו הם משלימים זה את,זה
זהו הלוויין הגדול ביותר במערכת,השמש
עמדת המוסד לתוכנה חופשית היא,כי
פעולות אלה נעשו בתחילה על,ידי
לפי דגם זה הוא בונה,את
עיקרה של המלחמה התקיים באירופה,אשר
בחודש פברואר יצאה תקנת החירום,הראשונה
היונוספירה של מאדים מתנשאת לגובה,של
תושבי הכפרים היו אזרחי סוריה,לפני
כיום הפרשנות למצווה זו נרחבת,מאוד
הטמפרטורה בחלקים הגבוהים של עננים,אלו
בוועידה נתגלעו חילוקי דעות בין,שני
החוק נשאר עומד על תוקפו,עד
בניין המטה הארצי של משטרת,ישראל
כך יוצא שכוכב חמה משלים,רק
סרטי הראווה ההוליוודים הופקו בשנים,אלו
ניתן לבצע קריאה כזאת גם,באופן
היסודות הציגה לעולם את הדוגמה,הראשונה
היא ביצעה גם סריקות של,פני
עוצמת זרם הברק עשויה להגיע,עד
פרסומו הרב ומעמדו הנכבד הפכו,אותו
בשנים האחרונות ישנה בנייה לגובה,בכל
למרות שבחוג המקצועי הייתה הערכה,רבה
הסיבה לכך נעוצה בהיותו של,העולם
המיתוסים התפתחו במשך מאות שנים,בתוך
לבסוף נפלה העיר בידי הממלוכים,בשנת
המדובר במעקב אחר סופות אבק,כדי
נרדפות חלקית מתקיימת כאשר יש,בין
בשל העובדה שננוחלקיקים אלו הם,חלק
הערך המחושב של גודל זה,הוא
כשם שרחיצת הגוף במים מנקה,אותו
במשך שנים אחדות הובילה בשוק,זה
המקום השלישי בסויוז שמור בדרך,כלל
יחסי הגומלין עם הסביבה מתבטאים,כבר
הארווי הוקע על ידי הקולגות,שלו
מקור המילה גז היא כנראה,בדרך
מדינות מזרח אירופה הוכפפו ברמה,זו
דוגמאות מובהקות לגזענות ממוסדת הן,תורת
קנדי הקפיד להצטלם כשהוא משחק,עם
מערכת ההפעלה היא רכיב חיוני,בכל
מאבקה הארוך של הודו לעצמאות,החל
המערכות הביולוגיות שבהן משתמש הביוטכנולוג,הן
ההבדלים בין חומרים הוסברו על,ידי
הגבול מעבר לו אירועים לעולם,לא
כמעט כל המחקר האסטרונומי נעשה,באמצעות
כתוצאה מפרעות אלו היגרו יהודים,רבים
כיוון שהמחלה פוגעת בעיקר בבעלי,החיים
זוהי מערכת קשה מאוד לחיזוי,אשר
בשני מודלים אלו תנועת ההקפה,הייתה
הוא שלח את עיקר הצבא,דרך
השונות תלויה במידת הקרבה המשפחתית,בין
חוג למדעי המחשב הוקם לראשונה,בשנת
לפי המשפט היסודי של האלגברה,לכל
ההגדרה המקובלת ביותר לקבוצה היא,באמצעות
בעבר נהוג היה להתייחס אל,תורת
ישנה נטייה אנושית לייחס תכליתיות,לכל
שיטות הסתרת מידע שאינן עושות,שימוש
הפרט מוריש לצאצא שלו את,אחד
לאיזכור עובדה זו חוגגים ברחבי,העולם
הם כבשו את ארץ ישראל,בשנת
גאוס הוכיח באמצעות השיטות של,תורת
קפלר חי בתקופה בה לא,הייתה
אופן צפייה זה שובר את,מערכת
הצארינה ענדה לו את המדליות,באופן
ענפי התעשייה העיקריים בפולין כיום,הם
הדמיון הזה מתפרש כקרבה אבולוציונית,בין
תחליף המקלדת השמיש ביותר הוא,מערכת
גישתה של הפילוסופיה לשאלות אלה,היא
מי שהיה מעז לנהוג כך,היה
מכאן הסיק מקסוול שלמעשה האור,הוא
כשעלויות הלימוד על מכשיר אמיתי,הן
המשמעות העשויה להיווצר מבחירת התאריך,הייתה
תרומותיו החשובות של לבואזיה לכימיה,היו
רומל הצליח להדוף את בעלות,הברית
כלי נשיפה הם כלי נגינה,אשר
בעוד כל אלו נכונים לצורות,החיים
בה בעת התחוללו קרבות חשובים,גם
מכיוון שהפיזיקאי העיוני זקוק בדרך,כלל
ואט החל את דרכו המדעית,כאשר
שתי הבחנות בולטות בתורת הגרפים,הן
מערכת השמש הפנימית מכילה ארבע,כוכבי
באותה מידה ניתן להשתמש באמונה,כדי
הטמפרטורה הגבוהה בכוכבים לא גורמת,רק
רעיון נוסף הוא שהיקום הוא,רק
במהלך ההיסטוריה ידעה אפגניסטן מלחמות,רבות
פרשה נוספת שלה נדרש שמיר,הייתה
הטמפרטורה המשוערת של המאגמה בעומק,היא
התעוררות מתוארת גם כהארה שחרור,או
שתי העלילות אמנם הופרכו מאחר,שלא
מאות שנים לאחר חתימת המשנה,כאשר
מהתפיסה הזו התפתחה מתודולוגיה המחקה,את
עקב התחממות בלתי אחידה של,כדור
השיטה המקובלת לבחירת גורמים ראשוניים,עבור
כחמש מאות שנה לאחר תקופתו,לפי
בכמה מן המדפסות משתמשים ברצועה,או
בפוטונים בודדים ניתן להבחין באמצעות,מספר
המעגל מיוצג בשרטוט שבו סימונים,שונים
מסורת זו מופיעה בגרסאות הקדומות,ביותר
בימי הביניים ובעת החדשה נעשה,שימוש
מקובל לחשוב כי עיצוב אופנה,החל
בגין התנגד בחריפות להסכם השילומים,של
ההסבר הטוב ביותר לשינוי הזה,הוא
אם רוצים לכתוב פקודה על,פני
בהתחלה הרומאים האמינו כי כמעט,בכל
לבואזיה למד גם משפטים ולימודים,אלו
סיבורג זכה בפרס נובל לכימיה,בשנת
האדם שידע לתפקד באופן המתוחכם,ביותר
הסמל המפורסם ביותר לשיטה זאת,היה
הסיבה לכך היא שהתעופה לא,הייתה
דנמרק נכבשה על ידי גרמניה,במהלך
כמו כן בוטל עיבור השנה,לפי
במפלגת העבודה נותרו שני שרים,בעלי
מתוקף היותו של הפמיניזם הליברלי,חלק
עובדה זו נובעת משיקולי יעילות,אך
כל יצירות הממשל הפדרלי בארצות,הברית
את המחלק המשותף המקסימלי של,שני
חלקים אלו שונים משל האדם,בעיקר
התכת דיו לנייר על ידי,שימוש
זמן השינה מוגדר באופן רשמי,החל
קיים שוני רב בין בעלי,החיים
בין ההוגים החשובים בזרם זה,ניתן
האדם ייטה לקחת סיכונים גבוהים,מאוד
מערכות הפעלה אלו הם בדרך,כלל
הוא גם לא יוצר תעבורה,רבה
נקודת המפנה לטובת המפגינים אירעה,כאשר
בנוסף פועלים ביפן שני ארגונים,בשם
שחזור הטקסט המוצפן למצבו הקריא,באמצעות
שני שמות החשובים ביותר במסורת,זו
המוח עובר שינויים מרחיקי לכת,במהלך
בית האופרה של פראג פראג,היא
איינשטיין סלד מכך שמנסים לשייך,אותו
הוא לא השיג אף לא,אחת
בערך באותם ימים החל לכתוב,גם
תאולוג ליברל עשוי להיות מעוניין,יותר
גודל מקום זה הוא אופטימלי,עבור
גריפית התחיל את הקריירה הקולנועית,שלו
כדי למצוא את הרכב הכתר,היה
למרבית הירחים הרגולריים במערכת השמש,יש
יכולת לפתיחת מספר אתרים במקביל,באמצעות
רוב המימן בגז הבין כוכבי,הוא
רוב הכימאים מתמחים בתחום משנה,אחד
אולם אין מדובר במעבר בין,שני
את התומכים בדעה כי הערפיליות,הן
על פי אותן הגדרות במערכת,השמש
היחידות האתניות בוטלו והחיילים מלאומים,שונים
לאפלטון היו עוד כמה דעות,רבות
מסלולם של כוכבי הלכת במערכת,השמש
כמה תאים מיד מתחילים לפעול,כדי
המוות מהמחלה עשוי להתרחש כבר,בתוך
התנהגותו של קיסר בימיו האחרונים,הייתה
גרסה אחרת של מנגנון זה,היא
כבר בסרט זה עוצבה תפיסת,העולם
שורה של פרשיות שחיתות שבהן,היו
אספרנטו היא כיום השפה המדוברת,ביותר
צריכת המים לנפש אינה זהה,עבור
מהפך דמוגרפי חדש התחולל בירושלים,בשנת
כמה מהם דוברים את השפה,באופן
תולדות שתי הקהילות קשורות היטב,זו
העתקים ספורים של חיבוריו שרדו,במהלך
אילו בעלי חיים עונים על,שני
אור הירח עשוי להיות חשוב,גם
פלוטו קטן משבעה ירחים של,כוכבי
אחרים ביקרו את המגמה וטענו,כי
עם כינון שלטון המנדט הבריטי,בארץ
במרבית התוכנות שתומכות בטכנולוגיה זו,ניתן
הפרדוקס יכול לבטא סתירה חיצונית,כאשר
אף על פי שמלחמת העולם,הראשונה
הפונקציות והשיטות בשפה הנן אובייקטים,לכל
בעקבות כישלון זה ועוד שורה,רבה
זכר למספור הקדום של החודשים,ניתן
מבין הגופים הקטנים במערכת השמש,ניתן
הם דברו באופן משפטי על,כך
קיימים מנהלי התקנים סטנדרטים עבור,כל
ישנם חוקרים הטוענים שהמשנה אומנם,לא
דוגמה בולטת לשימוש באקסיומות בפיזיקה,הוא
ההערכות נעות בין מאות אלפים,עד
כלל הנוצר בשל חתירתו הנפרדת,של
ון מארן המשיך לטעון לחפותו,עד
מבנה האדיקולה עבר מספר שינויים,במהלך
אם זווית הנטייה של כדור,הארץ
שיתוף פעולה זה היה פורה,ביותר
משימות אלה הציגו תמונות של,כדור
את ההשקפות האלה יישם מנדלסון,בתוך
מכיוון שאיברים ידידים יוצרים את,אותו
במסע נפגש דרווין עם אוכלוסיות,רבות
הליום טבעי בתנאי החדר הוא,לא
חלק מהם משמשים לאגירת מים,גם
הם הצליחו לבודד כמות מספיקה,כדי
המשבר הסתיים כאשר נחתם הסכם,בין
גדל ואיינשטיין היו קרובים מאוד,זה
חתול שחור החוצה את הכביש,לפני
בפקודות אשר לא דורשות את,כל
בתחילת שנות השמונים חברות וארגונים,רבים
הרצל דחה את הצעות הסולטאן,בעיקר
רשתות קטנות יכולות להתבסס כל,אחת
דיסציפלינה זו התפתחה במהירות בארצות,הברית
ניסוחה של תורת הקוונטים לא,היה
ככל שניתן היה למצוא ביעילות,רבה
למעשה מגיעה הקרינה הרבה ביותר,אל
תוכנית אפולו האמריקנית הייתה התוכנית,הראשונה
ישנם מספר מאפיינים המופיעים בתכיפות,רבה
העניין המתגבר בטבעו ובמקורו של,כדור
בתוך המשרד ישנה תיבת דואר,לכל
יש הסבורים כי בחינה כזו,יש
מעבדים מודרניים פועלים בקצב הגבוה,באופן
ארסמוס טען כי מיליוני שנים,לפני
מערך הגנים של פרט מסוים,הוא
אנקדוטה זו נידונה בקצרה בביוגרפיה,של
עובדה זו גורמת לשינויים קיצוניים,ביותר
בדרך כלל מנסים המהנדסים להעריך,עד
מיקומה של מרכז אמריקה על,פני
התחנה מספקת בית מגורים קבוע,לכל
למרות מרחקו של הצביר מכדור,הארץ
את הצליל בכלי הקשת מפיקים,בעיקר
מאותה סיבה נהג להיכנס לביתו,דרך
לאחר שגורש מארץ ישראל על,ידי
פלוטו נע במסלול אליפטי סביב,השמש
בתיקון לחוק מרשם האוכלוסין נקבע,כי
לפי פירושים מסוימים היה השימוש,בשם
בהדרגה היא עברה גם לביים,חלק
קהילות קטנות המדברות ארמית השתמרו,עד
על אף שתצפית מעודכנת זו,לא
מתמטיקאים אחרים ניסו להוכיח משפט,זה
שכונות ירושלים המערבית שלאורך הקו,היו
ניתן להגיע לקשר מדויק יותר,באמצעות
לכל שכבה מוגדרים היטב השירות,אותו
בניסוי זה אוששה לכאורה לראשונה,תורת
מוצג הצל שמטיל הירח על,פני
בה רוב המטאוריטים המגיעים לכדור,הארץ
בספר מתוארים מקרי היעלמות מסתוריים,רבים
לסוריה היה סכסוך טריטוריאלי גם,עם
על קיר זה פסיפס שנוצר,בשנת
מחקר השוואתי של מאובנים של,בעלי
קירי הייתה האדם הראשון שקיבל,או
הוא חיבר ספרים על כל,אחד
בתקופה האחרונה האדריכלים הצרפתים מערבבים,בין
זו הייתה מכה קשה ביותר,עבור
התברר שחוקים אלה חלים על,כלל
בתחילה הסכימו השניים באופן חשאי,כי
המהפכה הכפויה הביאה לאלימות ולגירוש,חלק
מאוחר יותר ביטאו רעיונות כאלה,גם
כמה ממיני הצמחים הפולשים המזיקים,ביותר
דרך נוספת להפיק את הצליל,מן
כבר בכתביו של דרווין הכילה,תורת
אסטרואיד הוא גוף קטן במערכת,השמש
מהירות המסלול של כדור הארץ,היא
לפעמים טוענים כי כלל צורות,החיים
אולם בצרפת השתמשו בסגנון זה,בעיקר
נהוג לחשוב כי ננס אדום,הם
שורשיו המערב אפריקאים ניכרים בשימוש,שלו
המידע במוח ובמערכת העצבים עובר,בעיקר
מאובן הוא כל שריד של,בעלי
יש גם מספר אתרי טכנולוגיה,עם
על אף שהמכונות של ואט,כבר
מפקדי הצבא הגרמני התנגדו לצעד,אך
ספרי לימוד לשפות תכנות אחדות,במהלך
איינשטיין הוטרד מהעובדה כי התאוריה,שלו
ניתן להתחקות אחרי שורשי האסטרולוגיה,עד
עותק זה נבחר באקראי בין,שני
הכיבוש הראשון של אדמת האויב,שלו
העצמים הנחקרים במסגרת המתמטיקה הבדידה,הם
את עיקר המאמץ בקביעת ארץ,ישראל
הקולקטיבים והטריטוריות מעבר לים מהווים,חלק
בחלק מהדתות סודות הדת נמסרים,רק
הממשק תומך בהעברת נתונים מהירה,מאוד
בעת כהונתו כשר חוץ עמדה,ישראל
היהדות רואה במאמיניה לאום ולא,רק
המשפט אשר טוען שמשפט זה,הוא
האדם החושב היה לפסלו הנודע,ביותר
המרווח סקונדה הוא מרווח בן,שני
טענתם היא כי השוק מתנהל,בדרך
זיהוי ויצירה של הבעות פנים,הם
בעת יצירת גרסה חדשה נשמרת,בדרך
לתופעה זו יש גם שימושים,רבים
האטמוספירה נוצרה עם היווצרות כדור,הארץ
בזמן מלחמת העולם השנייה בוטלו,כל
במהלך ימי הביניים המאוחרים והגלישה,אל
השימוש בקיאס נצטמצם ברבות הימים,רק
ככל שגברה ההגירה אל ארצות,הברית
בספר זה הציג דרכים לפתירת,מערכת
יישום של גישה זו קיים,כבר
תגובות כימיות מסוג זה כוללות,בדרך
מושג האלוהים השכלי תופס אותו,רק
ניוטון הצליח להסביר מדוע נעים,כוכבי
סימון המטענים נקבע במקור על,פי
כך למשל משתמשים במדמי טיסה,כדי
מערכת ההפעלה פונה לנתונים באמצעות,מערכת
כל קבוצת דיאלקטים מאחדת בתוכה,מספר
מערכות אקסיומות שניתן לנסח בהן,חלק
דרווין נחשף בה לתאוריות מודרניות,רבות
במקדש זה למדו לצד אלכסנדר,גם
מבין מאות היהודים שניסו להימלט,מן
הצעת השם של הרשל לא,הייתה
במקביל פעל אוטו פרנק להפוך,את
מניין השנים בלוח העברי המודרני,הוא
עוד דוגמה לקיום האל כאקסיומה,ניתן
הקליפות עצמן מחולקות לאורביטלים אטומיים,לפי
היסטוריונים היום משייכים את מנדלסון,אל
דוגמה לתוכנה שמשפרת את ההקלדה,היא
בנוסף לכך קיבל סטלין התרעות,רבות
ייחודו של האחרון בא לו,בשל
מרטין לותר קינג ציין מאוחר,יותר
יש שסברו כי שאלה זו,היא
מיקומה של צפון אמריקה על,פני
ספציאציה אלופטרית היא הצורה השכיחה,ביותר
מחקר של ממש בביולוגיה החל,בארץ
ירדן החלה לייבא גז לעקבה,בשנת
באיים חיים מספר רב של,בעלי
החצר עצמה והמנזרים סביבה מהווים,חלק
אטומים בעלי אותו מספר אטומי,אך
הברית האסטרטגית החדשה הייתה במידה,רבה
כלי הקשה הם כלי נגינה,אשר
בדמוקרטיה ישירה מוחלטת לכל אזרח,יש
גם בנושא זה חלוקות הדעות,בין
דעותיהם של המתמטיקאים בעניין זה,הן
בעת שנבנתה הטבלה המספרים האטומיים,היו
התנועה איבדה מומנטום לאחר מלחמת,העולם
ריחוקו מהרובע היהודי היה בשל,כך
השינויים הדרמטיים ביותר מתרחשים בחודשי,החיים
תגלית זו הייתה ההתקדמות המשמעותית,הראשונה
הדת הנוצרית נוסדה בארץ ישראל,לפני
הקשר עם החללית אבד לאחר,מספר
עיצוב הוא תכנון של מוצר,או
סרט מופתי של אותה תקופה,הוא
נראה כי אף פעולת סמוע,הייתה
משערים שאלו אסטרואידים שנלכדו על,ידי
הוא אמנם צפה את הבעיות,אך
מחשבים מרכזיים גדולים מתאפיינים אף,הם
ביסוסו של בית לאומי יהודי,בארץ
אולם בגין שוחרר מוקדם מהצפוי,בשל
ביחס לקומוניזם אמר שמעולם לא,היה
במשך תקופות ארוכות גבו בשל,כך
השראה אלקטרומגנטית היא תופעה הקושרת,בין
הדבר הביא לקרע ולמאבקים דתיים,בתוך
תורת היחסות הפרטית הייתה מוגבלת,רק
מטרותיה העיקריות של ניו הוריזונס,הן
הוקמה מדינה ריכוזית וטוטליטרית אשר,לא
אגלאולוס והרסה פתחו את הקופסה,אשר
לאחר מלחמת ששת הימים נראה,כי
תחנה זו מעלה את המים,בתוך
עקרונות העיצוב של השפה ותפישת,העולם
תחום המידע הקוונטי והחישובים הקוונטיים,החל
היקום הוא המכלול שמרכיביו הם,כל
יהיה צורך בשדרוג מקיף של,כל
שבתאי נקרא על שמו של,אל
סביב ארבעת כוכבי הלכת הללו,יש
לשכבת האוזון נודעה חשיבות רבה,בשל
על סיפונה של קולומביה הותקנה,מערכת
כוח המשיכה על פניו קטן,פי
בקרבות כנגד צבאו של ורקינגטוריקס,כבר
המלך הנהיג רפורמה דתית בממלכה,כך
חבילות התוכנה בהפצה זו מתעדכנות,באופן
גלילאו גליליי בנה את הטלסקופ,שלו
דבר זה גרם להשפעה צרפתית,רבה
הליכוד לא היסס לתקוף אישית,את
השילוב בין מספר אקסיומות נקרא,מערכת
דמויותיו הריאליסטיות של רודן ביצירה,זו
הוא גידל מקבצים צפופים עד,מאוד
הירח משלים הקפה סביב כדור,הארץ
כתוצאה מפעילות היתוך גרעיני פולטת,השמש
ההידרוספירה של כדור הארץ מורכבת,בעיקר
בתקופת המנדט הבריטי על ארץ,ישראל
עוד במהלך מלחמת העצמאות נפגש,עם
כאשר נכנסת יונה לבית צפוי,שלא
זהו כתב יד המכיל את,כל
גדל סירב לאכול כל מזון,שלא
התצפיות בתחום מחקר זה נעזרות,בעיקר
האיגוד האסטרונומי הבינלאומי לא נתן,באופן
תפקיד האימאם אצל הסונים הוא,בעיקר
הפתרון המקובל לבעיה זו הוא,שימוש
מנה של שתי חזקות בעלות,אותו
רכיב הקריאה בכוננים מודרניים פועל,לפי
בית הדין הארצי הפך החלטה,זו
כמו כן פועלת בעיר שלוחה,של
האסטרולוגיה פרחה כאשר היקום הידוע,כלל
הגבול בוצר לא רק על,ידי
ערפאת לא יכול היה או,שלא
ניתן למצוא לכך סימוכין מסיפורים,שונים
תחושות של הנאה קשורות פעמים,רבות
כל המדינות יכולות להשתמש בשיטה,זו
גיטרות בס הינן תמיד ארוכות,יותר
לימודי המשפטים ברומא לא סיפקו,אותו
שתי הגרסאות הללו נפוצות בשימוש,עד
נהר זה שימש כגבול טבעי,בין
אספרנטו מתאימה במיוחד לשימוש זה,בשל
לכן משערים שהשדה המגנטי של,כדור
חסרונותיה המרכזיים של צורת איסוף,זו
האסירים הצטוו לשים ענפי אורן,בין
בספרות ילדים מופיע הירח לא,אחת
משפחתו של גלילאו נשארה בפיזה,עד
לבסוף המלאכים מחזירים את לוט,אל
סלעים רבים מעידן זה נחשפים,בארץ
המבנה השיטתי של הספר הפך,אותו
יחידות נפוצות הקיימות במעבדים מסוימים,אך
למעשה אין זה אלא חלק,מן
בכל מערכות הסימנים שבהן עסקנו,עד
סוג כזה של דמוקרטיה קל,יותר
זוהי עבודה שגרמה להיסטוריונים לאמנות,רבים
את המוצר מקבלים הקונים בדרך,כלל
שיטה זו זולה יותר אך,ניתן
מארי קירי ניצלה תכונה זו,כדי
לתאוריות של קופרניקוס יש חשיבות,רבה
בצורה זו ניתן באמצעות מכונה,אחת
אסיה היא מקור למוצרי מותרות,עבור
גם לאלגוריתם זה נוספו שיפורים,לא
מקרה יותר קרוב לפרדוקסלי הוא,כאשר
היות ששני אלה קשורים בצפיפות,כדור
השיטה המקובלת לתיארוך גאולוגי של,כוכבי
המוסדות הציוניים עד מלחמת העולם,הראשונה
כיום נהוג לייחס את המונח,לכל
המיתולוגיה בעידן המודרני חיה וקיימת,דרך
על מנת שטיפות מים תקפאנה,הן
רעיון המלוכה היה שנוא כל,כך
תמותת תאי העצב ממשיכה אף,היא
אורנוס הוא ענק גזים המורכב,גם
תחילתה של הפילוסופיה המערבית באירופה,לפני
הוכרה חשיבות מדידת החום אצל,כלל
על אף החנינה החליט קיסר,שלא
תמונתו של גאוס כפי שהופיעה,על
הננס הלבן יהיה בשיווי משקל,כאשר
האזורים העיקריים המצויים במחלוקת מאז,הם
ראשוני היהודים והנוצרים בעולם התיישבו,בארץ
מיקומה של דרום אמריקה על,פני
ארגז חבילות יכול לכלול מדריכי,שימוש
על בסיס קו הרכבת הראשון,בארץ
אלכסנדר היה אחד המצביאים המבריקים,בכל
הם ממתינים בלילה להופעת הכוכב,לפני
סילוק שכזה יכול להתבצע על,ידי
בהתבסס על תוצאות ניסוי קוונדיש,ניתן
עם זאת בדרך כלל בשפות,אלו
המשלוח הראשון שהגיע להשמדה במחנה,היה
מדע פיזיקלי לא נחקר על,ידי
על טבעו החידתי של שילוב,זה
דוברי שפה זו מדברים על,פי
אתאיסטים מואשמים לעתים בהיעדר מוסר,או
הוא הסדיר את רכישת הדגן,מן
ההבדל העיקרי בהרכב הפנימי של,שני
זהו גם כן המרחק שבו,יש
זכויות היוצרים על גרסאות פייתון,החל
עתה מנתה אוכלוסיית העיר לא,יותר
איינשטיין אמנם לא האמין בפסיכואנליזה,אך
ישנן ארצות בהן ספק הטלוויזיה,גם
כאשר האל הכלוא מנסה להשתחרר,מן
טענות אלו משתלבות בטענתו הבסיסית,כי
הערכה זו נשענת על תצלומים,בעלי
תאוריות של הגל השלישי מקיפות,בדרך
הסלעים הקדומים ביותר שנתגלו מעידן,זה
המגמה הייתה לשכנע את מי,שלא
הוא מסיבי יותר מכדור הארץ,פי
יון הוא אטום או מולקולה,בעלי
הוא מקיף את כוכב האם,שלו
שלוש העבודות האלה משלימות כל,אחת
יוצאי דופן מכלל זה הם,חלק
קיימת גם קהילה יהודית קטנה,מאוד
על מנת לנתח את המערכת,עבור
לרכיב זה בדומה לטופס פקדים,שונים
טורקיה היא מדינה המשתרעת על,פני
תהליך זה של הסעת חום,מן
כוחותיה חצו את נהר דווינה,כבר
לאחר התערבותו האישית החסרת תקדים,של
מרכז מצעה של תנועת הליכוד,היה
כחבר בית הנבחרים תמך קנדי,בדרך
כל התופעות הללו ואחרות כגון,אלו
הוא קבוע מתמטי שמופיע בנוסחאות,רבות
במפה המצורפת ניתן לראות כי,ישראל
פירושו המעשי של החוק הוא,שלא
ציורם על גבי משטח הטופס,באמצעות
יש שמפרשים את המערכת הדיאלקטית,שלו
היא עוצבה כשער ניצחון והנושאים,אשר
אחרי יותר מעשרה ימי אשפוז,כבר
מסתו של צדק גדולה כמעט,פי
בין יצירותיו המפורסמות ניתן למצוא,את
מורי גרמניה הוכרחו ללמד על,פי
על אף שהפרטים הינם בני,אותו
הוא ביקר במוזאונים ופגש סוחר,בשם
יוניקס היא מערכת הפעלה מסחרית,אשר
יש מספר מגבלות בהפעלת סמכויותיו,אך
רעיונות דומים הופיעו זמן רב,לפני
הוא הבין שהטלסקופ יהיה חסר,שימוש
ישנם גם שירים שהולחנו למרות,שלא
צורת הרבים של שם המטבע,לא
לבואזיה דחה את זיהוי היסודות,עם
פלוטו ושאר העצמים הקרויים פלוטינו,הם
השניים שמרו על קשר מכתבים,במהלך
ככל שהגז נמצא בטמפרטורה הקרובה,יותר
יש המכנים את המכלול כולו,בשם
ההידרוספירה הנוזלית שלו ייחודית מבין,כוכבי
מרידה אוקראינית בראשות בוגדן חמלניצקי,בשנת
רשימת מקבלי פרס נובל לפיזיולוגיה,או
ראש הקריאה והכתיבה מכיל למעשה,שני
האטמוספירה מאפשרת את החיים על,פני
לימודי ביולוגיה לתואר ראשון מתקיימים,בכל
מעולם לא הייתה פתחת רפיח,חלק
מוקדון בתקופת ילדותו של אלכסנדר,הייתה
אוצר המילים הבסיסי מבוסס על,מספר
רעיון זה קרם עור וגידים,כאשר
קנה מידה של הירחים במערכת,השמש
תורמים בולטים לפיתוחו של ענף,זה
מעבר לזאת ההתנהגות האינסטינקטיבית של,שני
חקר הפונטיקה החל בהודו העתיקה,לפני
או ניסיונות ליצירת אלטרנטיביות לדרך,החיים
יש ראיות לכך שלימוד אספרנטו,לפני
במקורות איסלמיים רבים מוזכרת העיר,בשם
שאר בני משפחתו קיבלו זכויות,אלו
בעבר כרטיסי קול מובנים היו,בדרך
עד היום הוא נחשב לדעת,רבים
מצוות נוספות שמאפיינות את האסלאם,הן
פער זה מצטבר ליממה אחת,בכל
ביצוע הסיורים התמידיים בסמוך לגבולות,החל
ביהדות מקובל לראות בכינוי בלשון,רבים
כאשר התעוררה ביקורת על פעילות,ישראל
הטיפולים המוקדמים יותר התייחסו רק,אל
יוצאי דופן היו חסידי אומות,העולם
תורת הצורות המיוחסת לאפלטון השפיעה,רבות
הסבר זה בולט בקרב מתנגדי,תורת
העם היהודי שהיווה פחות מאחוז,אחד
כשהנאצים עמדו לאסור את היהודים,כדי
הייתה זו ממשלת הליכוד הלאומי,הראשונה
כבר היוונים הקדמונים הגיעו למסקנה,כי
ענפי ספורט בולטים נוספים ברוסיה,הם
הוא פירק את השדה האלקטרומגנטי,בתוך
תורת דרווין קיבלה חיזוק נוסף,עם
תצפיות בכוכב חמה מורכבות מאוד,בשל
אף על פי שהסולמות מרחבי,העולם
השיטה מתבססת רק על כך,שלא
מעבורת החלל קולומביה הייתה החללית,הראשונה
לאמנותו של האיש הוקדשו ספרים,רבים
ככל שהצורה משוכללת ומפורטת יותר,כך
דבר זה הושג על ידי,שימוש
הדת יכולה להתפרש בשעת הצורך,גם
מרכיבי האוויר משתנים מעט באזורים,שונים
אך גם מבין תומכי האאוגניקה,היו
בתי הספר העיקריים בישראל למטרה,זו
ישנן עדויות על שימוש בשם,זה
לא ברור מדוע בחר לצעוד,דרך
בהמשך מציב בלורי את הניתוק,מן
בזכות יצירה זו מכונה דיופנטוס,בשם
חשיבותו של המודל היווני לתנועת,כוכבי
כאשר מדברים על התקן חיצוני,יש
נזורה זאת היא בעלת מאפינים,שונים
עובדה זו אינה מוכיחה בהכרח,כי
בעוד שמרבית הירחים הסובבים את,כוכבי
הוא כלל לא ניסה לאששה,באמצעות
שני המועמדים העיקריים לתפקיד זה,היו
עם זאת חלק ניכר מכספים,אלו
אף על פי שבידי מנדלסון,כבר
האנתרופולוגים האמריקאים שהו זמן מועט,יותר
מלומדים החלו ללמוד את הרכב,כדור
מכיוון שבנותיו חושבות בטעות שכל,העולם
לכן רוב אמני הספרות הם,בעלי
גרסה זו הייתה הגרסה הראשונה,של
לפי אומדנים רוסיים עדכניים הועברו,במהלך
גילוי מודל הפוטון הביא לפריצות,דרך
המהפכה התעשייתית שינתה את ברלין,במהלך
מעבדים כאלה היו לעתים קרובות,לא
הפולחנים והטקסים היו מבוצעים לרוב,בתוך
התמודדות עם בעיה זו היא,באמצעות
שני המפתחות הופכיים זה לזה,כך
לרוב מתבצעת סגירת הקשר על,ידי
הייתה זו טיסה של מתלמדים,אשר
בקליטת גל עלייה זה נקטה,ישראל
כתוצאה ממסע הצלב הראשון הוקמו,מספר
לפי התוכנית הייתה מוכנה ארצות,הברית
אנשים עם פגמים ברכישת שפה,או
לאחר החרבת הערים היה איינשטיין,מן
ניתן לרכוש מוצר תוכנה מוכן,או
גישה אחרת מציג אויגן דיהרינג,אשר
מכפלה של שתי חזקות בעלות,אותו
כמו כן רצוי לרפד את,בדרך
רוב הבלשנים מסכימים כי בעבר,היו
עדשה זו מגדילה את הטלסקופ,פי
ניתן לראות את התחנה מכדור,הארץ
דגם משרדי זה היה בשימוש,בעיקר
שינוי המתח של המיתר על,ידי
טעינת התוף מחדש במטען שלילי,באופן
תחליף מקלדת זה אינו פופולארי,בשל
פנים המחנה על מתקניו נבנה,אך
זהו מצב הצבירה הצפוף והקשה,ביותר
זווית הנטייה של ציר כדור,הארץ
תיאור ויזואלי של אלגוריתם ניתן,באמצעות
משך הזמן בין מולד ירח,אחד
דיוקנו של אשכול הוטבע אף,על
שכונות העיר בנויות על הגבעות,כאשר
העולם המוסלמי מסוף שנות השבעים,החל
אפגניסטן היא המדינה היחידה בה,ניתן
מקיום המיפוי נסיק שקבוצות אלו,הן
מסתו של החור השחור גדלה,כאשר
הסנקציות והקנסות שספגה גרמניה מבעלות,הברית
לאחר שלושה ימי מלחמה בהם,היו
עבור גזים בעלי מספר רב,יותר
אם ידוע זמן של ליקוי,אחד
הגאולוגיה המודרנית עדיין חוקרת את,כדור
עקרון זה שמר על האפשרות,לכל
מתקן לניסוי בעירת מימן שנבנה,לפי
ליסודות הנמצאים באותה שורה יש,מספר
לוחות אם ומחשבים המכילים תקן,זה
המתיישבים האירופים הראשונים באמריקה הצפונית,היו
אודסה הייתה באותה תקופה עיר,מאוד
קיימת טענה לפיה התכתב אלכסנדר,עם
במלים שאולות מאותה משפחת שפות,לא
במיתולוגיה היוונית מוזכרת נסיכה פיניקית,בשם
לוח השנה של המאיה כולל,מספר
הם אף מכנים אותו בשם,אל
מספרים נהוג להציג באמצעות ספרות,לפי
הנקודה המזרחית ביותר של רוסיה,היא
על אף שרבים קראו לו,שלא
הזמרת קייט בוש הוציאה שיר,בשם
שבתאי משלים סיבוב סביב צירו,אחת
גם זיהויו כאתר הקבורה מתקבל,על
חקר ההיסטוריה של האבולוציה על,כדור
בגין יצא למסע התרמות אינטנסיבי,בין
תאוריה מועמדת אחת שכזאת היא,תורת
עם התפרקות ימי הביניים אמונה,זו
לאחר שהקרום החיצוני של כדור,הארץ
קופרניקוס טען כי הארץ היא,אחת
במסגרת השאיפה להאריך את תוחלת,החיים
צבע פניו של מאדים אדום,בשל
לפי הערכות המדענים ביקום הנראה,יש
לפרשנות הווהאבית של ההלכה האסלאמית,יש
תעמולה זו נוצרה בעידודו ולחצו,של
אל רשימת המרווחים הללו המוכרים,יותר
מאדים משלים הקפה אחת סביב,השמש
מאפשר לחשב את שינוי האנתלפיה,עבור
במהלך המערכה במערב אפריקה במלחמת,העולם
תוכנה קנויה לעומת תוכנה המפותחת,בתוך
רמון לקח עמו לחלל חפצים,שונים
היסטוריונים מתמודדים עם אתגרים וקשיים,שונים
היו אלה סכסוכים מקומיים שבהם,כל
יש מוצקים הזקוקים לחום קיצוני,כדי
החינוך העירוני בירושלים נקבע על,פי
נפתחו בתי מדרש גבוהים לנשים,בארץ
ניתן לסווג תוכנה על פי,מספר
הוא הראה שאם ניתן לחשב,את
הפיזיקה המודרנית שהתחומים העיקריים בה,הם
סימולציה זו עשויה לחסוך עלויות,רבות
צדק משלים הקפה סביב השמש,אחת
כדי לגשר בין הרצון להשתלבות,במהלך
פומפיוס כבש את ארץ ישראל,בשנת
הדגם הראשון שזכה לתפוצה רחבה,היה
החלטתו של שמיר לפטר בשל,כך
הוא אף הציג שיטה לחישוב,בכל
קרינה כזו נפלטת מעצמים כגון,כוכבי
קיוריוסיטי גדולה פי חמישה ובה,פי
ולכן אין טעם בניתוב רגשות,לפי
כוכב הלכת מכוסה שכבת עננים,באופן
הרצל הציע תוכניות להתיישבות יהודים,בארץ
באופן רגיל ככל שעולים בגובה,כך
המספר פורק בהצלחה באותה שנה,בתוך
אביו נפטר בילדותו והוא גדל,עם
הוא הוכיח ששטחו ונפחו של,כדור
שנים לאחר מכן הוכיח גאוס,את
החורף הוא עונה סמלית במיוחד,עבור
ערפאת חתם על הסכם נסיגת,ישראל
אחד האפקטים השכיחים יותר בקרב,בעלי
הובינד נודע בעיקר בזכות הסימנרים,שלו
ברבע השני של המאה השנייה,לפני
עבודותיו מאזור זה ובמיוחד מטהיטי,הן
מערכת עצבים קיימת בכל בעלי,החיים
אם קבוע הכבידה של כדור,הארץ
לאחר המלחמה חזר לקופנהגן ונאבק,כדי
רעיונות לאומיים במשמעות המודרנית לא,היו
בין שני סוגי החיידקים אין,כל
מאז נמצאו מאובנים של מינים,רבים
דוגמה לתוכנה שבה אין ליוצרים,כלל
במהלך המלחמה נחרבו חלקים גדולים,מן
מול ביתו הגיעו אנשי ימין,רבים
גיל ההצבעה המינימלי המקובל הוא,בדרך
כמה חברים בממשלה האוסטרית חשו,כי
החריגה הזאת נלכדת באופן שקט,על
נביעתו של פרדוקס מהנחה היא,מן
השלילה הגורפת של זכויות התבססה,על
אירוע שגבול קונוס האור שלו,הוא
כאשר אסטרואיד נכנס לאטמוספירה של,כדור
זהו הבסיס לשיטת העברת אנרגיה,לפי
נראה כי שמיר אובד עצות,אל
המוות השחור מגפת המוות השחור,הייתה
האנרגיה אובדת כחום אל הסביבה,בכל
מאמינים נוצרים שבאים לבקר בארץ,ישראל
שפות אחרות הושפעו מהעברית בעיקר,דרך
האנרגיה של האלקטרון הנפלט נקבעת,לפי
מקור המים היה בגובה רב,יותר
תחילה התייחסה הגדרה זו למחשבים,בעלי
על פני השטח של הירח,ניתן
סוגי ותדירות הופעת מוטציות משתנה,בשל
מול הפרושים עמדו בתקופת בית,שני
בשל כך היו בעבר בארצות,הברית
כל אוכלוסייה חדשה ממשיכה להשתנות,באופן
עלייה כזאת יכולה לקרות עקב,מערכת
על מנת לאפשר לשירותי רשת,שונים
להפסקת ביצוע לולאה בנקודה ספציפית,ניתן
שיטת פיתוח כזו מאפשרת בעצם,לכל
רק כעבור מיליוני שנים הופיעו,גם
יחסי גומלין יכולים להיות ישירים,או
כאשר משתמש מתחבר לשרת או,כאשר
את המודל הציע אלן טיורינג,בשנת
אין הפרדה בין הדת לבין,החיים
חופש הפרט וזכויות אדם נאכפות,על
היבשת הדרום אמריקנית כוללת גם,מספר
רישיון תוכנה חופשית בהכרח יתיר,שימוש
ובכך הוא הציב את המסד,לכל
כתוצאה מכך חל מהפך מחשבתי,בכל
החללית הראשונה שצילמה מקרוב וחקרה,כוכבי
להגנתו התנדב עורך דין נודע,בשם
זכה בפרס מטעם קרן פורד,עבור
השימוש בהם דרש ארונות ייעודיים,או
הפצות שולחניות רגילות מוציאות בדרך,כלל
הקפיצה בכמות הנחשפים למערכת החדשה,לא
מלבדו פעלו באותה תקופה עוד,מספר
איתור מידע רצוי באינטרנט מבוצע,בעיקר
עורך הברייתא סידר את ישעיהו,רק
כיסא גלגלים צריך לעבור בקלות,דרך
הקמתה של מדינה יהודית בלב,העולם
לשם פתרון בעיות אלה פותחה,תורת
ישנם לדוגמה מודולים אשר מאפשרים,שימוש
כל מפלגה במחוז מציגה מועמדים,לפי
לוח השנה הבהאי מבוסס על,כך
תעבורת הנתונים ברשתות מוגבלת בעיקר,על
לאחר אירוע זה לקח אברם,את
בהיותו משוכנע כי ההסתדרות הציונית,היא
הארגון מעניק סיוע ותמיכה בהיבטים,שונים
הרצון להשתמש בתאים אלו הוא,אחת
המודל העסקי של ספקים מסחריים,בדרך
על מנת להבין סוג פתרון,זה
תחרויות אתלטיקה היו פופולריות מאוד,כבר
איינשטיין ויתר על אזרחותו הגרמנית,כבר
היוצר אביב גפן כתב שיר,בשם
תיאור זה נכון לגבי כל,אחד
השאלה המתבקשת היא איך עדיין,בכל
פקודות לשרירים באזור הפנים עוברות,דרך
המאפיינים העיקריים הם ריבוי נטיות,לכל
השינוי בגודלם של המדבריות על,פני
בחלון הקוד אפשר לקבל רשימה,של
המלה אבולוציה לא הופיעה במהדורה,הראשונה
שילוב דברים אלו בכתבי הקודש,היה
דפדפן האינטרנט של המשתמש מתחבר,אל
גלים אלה נוצרים כאשר זרם,אחד
משמעות הדבר שהלחץ האטמוספירי משתנה,עם
ניוטון שיער שכל הגופים מושכים,אחד
מעולם לא הוצגו ראיות לטענות,אלו
אף שהשיחות עם סוריה עלו,על
חדירת השבטים הברברים מכונה בדרך,כלל
עד לסופו של אותו עשור,כבר
מספר היהודים שנלחמו בצבאות בנות,הברית
מדע המדינה מתמקד הן ביחסים,בתוך
פוטון נושא אנרגיה ותנע הנקבעים,על
בכדי להשתמש באופן יעיל בשפה,יש
לאחריהם עברה עיראק תהפוכות פוליטיות,רבות
אחד ממאפייניו הבולטים ביותר של,פני
ברנולי היה הראשון לקשור את,תורת
הביולוגיה הפכה לתחום מחקר רחב,כל
האילירים ניסו להשתמש באירועים אלה,כדי
בחג אחר הצמוד לשבת הבעיות,אלו
כמה מהם השליכו את מסקנות,תורת
כדי לנצל את העיבוד המקבילי,מערכת
לתפוצה רחבה זכתה מתודולוגיה זו,החל
ישראל השיגה ניצחון צבאי מוחץ,אך
על מנת לממש את חזונו,החל
לשכבה זו חשיבות רבה בקיום,החיים
גרמניה וצרפת עמדו בראש המדינות,אשר
מרכז עסקים מוסקבה סיטי על,פי
בגלקסיית שביל החלב שבה שוכנת,מערכת
השיעור הנמוך ביותר היה בארצות,הברית
בחיבור הדקי מקור מתח על,ידי
סרביה הסכימה לכל דרישות אוסטריה,אך
השאלה הגדולה שמופנת לתומכי אסכולה,זו
הוא עשה זאת על ידי,שימוש
בקרב מספר סופרי פנטזיה כדור,הארץ
מודלים אלו הצליחו להסביר את,כל
היטלר מצידו חשש משאיפות ההתפשטות,של
המשתמשים ניגשים אל דפי האינטרנט,באמצעות
אז גם הוחלף הממשל הצבאי,בארץ
הכניסה אל הקפלה הקטנה היא,דרך
הוא הגיע לסדר הנכון של,כוכבי
מולקולות מים אשר נמצאות במכתשים,אלו
והוא רוכש את ידיעותיו הראשונות,דרך
הסוכנות הפכה להנהגת היישוב היהודי,בארץ
תחילה לא פגעו הנאצים ביהודים,בשל
הנייטרליות השווייצרית כמו גם התפתחות,מערכת